Id,SepalLengthCm,SepalWidthCm,PetalLengthCm,PetalWidthCm,Species
1,-0.9006811702978084,1.0320572244889574,-1.341272404759832,-1.3129767272601451,Iris-setosa
2,-1.14301691118511,-0.12495760117130865,-1.341272404759832,-1.3129767272601451,Iris-setosa
3,-1.3853526520724129,0.3378483290927981,-1.398138108749084,-1.3129767272601451,Iris-setosa
4,-1.5065205225160647,0.10644536396074473,-1.2844067007705795,-1.3129767272601451,Iris-setosa
5,-1.021849040741459,1.2634601896210107,-1.341272404759832,-1.3129767272601451,Iris-setosa
6,-0.5371775589668536,1.9576690850171699,-1.170675292792075,-1.0500307872213976,Iris-setosa
7,-1.5065205225160647,0.8006542593569039,-1.341272404759832,-1.1815037572407714,Iris-setosa
8,-1.021849040741459,0.8006542593569039,-1.2844067007705795,-1.3129767272601451,Iris-setosa
9,-1.7488562634033664,-0.3563605663033621,-1.341272404759832,-1.3129767272601451,Iris-setosa
10,-1.14301691118511,0.10644536396074473,-1.2844067007705795,-1.4444496972795187,Iris-setosa
11,-0.5371775589668536,1.494863154753064,-1.2844067007705795,-1.3129767272601451,Iris-setosa
12,-1.264184781628762,0.8006542593569039,-1.227540996781327,-1.3129767272601451,Iris-setosa
13,-1.264184781628762,-0.12495760117130865,-1.341272404759832,-1.4444496972795187,Iris-setosa
14,-1.8700241338470185,-0.12495760117130865,-1.511869516727589,-1.4444496972795187,Iris-setosa
15,-0.052506077192249145,2.1890720501492233,-1.4550038127383367,-1.3129767272601451,Iris-setosa
16,-0.1736739476359,3.1146839106774364,-1.2844067007705795,-1.0500307872213976,Iris-setosa
17,-0.5371775589668536,1.9576690850171699,-1.398138108749084,-1.0500307872213976,Iris-setosa
18,-0.9006811702978084,1.0320572244889574,-1.341272404759832,-1.1815037572407714,Iris-setosa
19,-0.1736739476359,1.7262661198851164,-1.170675292792075,-1.1815037572407714,Iris-setosa
20,-0.9006811702978084,1.7262661198851164,-1.2844067007705795,-1.1815037572407714,Iris-setosa
21,-0.5371775589668536,0.8006542593569039,-1.170675292792075,-1.3129767272601451,Iris-setosa
22,-0.9006811702978084,1.494863154753064,-1.2844067007705795,-1.0500307872213976,Iris-setosa
23,-1.5065205225160647,1.2634601896210107,-1.5687352207168415,-1.3129767272601451,Iris-setosa
24,-0.9006811702978084,0.5692512942248505,-1.170675292792075,-0.9185578172020239,Iris-setosa
25,-1.264184781628762,0.8006542593569039,-1.0569438848135704,-1.3129767272601451,Iris-setosa
26,-1.021849040741459,-0.12495760117130865,-1.227540996781327,-1.3129767272601451,Iris-setosa
27,-1.021849040741459,0.8006542593569039,-1.227540996781327,-1.0500307872213976,Iris-setosa
28,-0.7795132998541564,1.0320572244889574,-1.2844067007705795,-1.3129767272601451,Iris-setosa
29,-0.7795132998541564,0.8006542593569039,-1.341272404759832,-1.3129767272601451,Iris-setosa
30,-1.3853526520724129,0.3378483290927981,-1.227540996781327,-1.3129767272601451,Iris-setosa
31,-1.264184781628762,0.10644536396074473,-1.227540996781327,-1.3129767272601451,Iris-setosa
32,-0.5371775589668536,0.8006542593569039,-1.2844067007705795,-1.0500307872213976,Iris-setosa
33,-0.7795132998541564,2.4204750152812755,-1.2844067007705795,-1.4444496972795187,Iris-setosa
34,-0.41600968852320275,2.65187798041333,-1.341272404759832,-1.3129767272601451,Iris-setosa
35,-1.14301691118511,0.10644536396074473,-1.2844067007705795,-1.4444496972795187,Iris-setosa
36,-1.021849040741459,0.3378483290927981,-1.4550038127383367,-1.3129767272601451,Iris-setosa
37,-0.41600968852320275,1.0320572244889574,-1.398138108749084,-1.3129767272601451,Iris-setosa
38,-1.14301691118511,0.10644536396074473,-1.2844067007705795,-1.4444496972795187,Iris-setosa
39,-1.7488562634033664,-0.12495760117130865,-1.398138108749084,-1.3129767272601451,Iris-setosa
40,-0.9006811702978084,0.8006542593569039,-1.2844067007705795,-1.3129767272601451,Iris-setosa
41,-1.021849040741459,1.0320572244889574,-1.398138108749084,-1.1815037572407714,Iris-setosa
42,-1.6276883929597157,-1.7447783570956814,-1.398138108749084,-1.1815037572407714,Iris-setosa
43,-1.7488562634033664,0.3378483290927981,-1.398138108749084,-1.3129767272601451,Iris-setosa
44,-1.021849040741459,1.0320572244889574,-1.227540996781327,-0.7870848471826503,Iris-setosa
45,-0.9006811702978084,1.7262661198851164,-1.0569438848135704,-1.0500307872213976,Iris-setosa
46,-1.264184781628762,-0.12495760117130865,-1.341272404759832,-1.1815037572407714,Iris-setosa
47,-0.9006811702978084,1.7262661198851164,-1.227540996781327,-1.3129767272601451,Iris-setosa
48,-1.5065205225160647,0.3378483290927981,-1.341272404759832,-1.3129767272601451,Iris-setosa
49,-0.6583454294105056,1.494863154753064,-1.2844067007705795,-1.3129767272601451,Iris-setosa
50,-1.021849040741459,0.5692512942248505,-1.341272404759832,-1.3129767272601451,Iris-setosa
51,1.4015083681315665,0.3378483290927981,0.5352958268854955,0.264698912972339,Iris-versicolor
52,0.6745011454696592,0.3378483290927981,0.42156441890699065,0.3961718829917128,Iris-versicolor
53,1.2803404976879156,0.10644536396074473,0.6490272348640003,0.3961718829917128,Iris-versicolor
54,-0.41600968852320275,-1.7447783570956814,0.1372358989607289,0.13322594295296547,Iris-versicolor
55,0.7956690159133101,-0.5877635314354155,0.4784301228962428,0.3961718829917128,Iris-versicolor
56,-0.1736739476359,-0.5877635314354155,0.42156441890699065,0.13322594295296547,Iris-versicolor
57,0.5533332750260073,0.5692512942248505,0.5352958268854955,0.5276448530110867,Iris-versicolor
58,-1.14301691118511,-1.5133753919636281,-0.2608240289640376,-0.2611929671051556,Iris-versicolor
59,0.9168368863569609,-0.3563605663033621,0.4784301228962428,0.13322594295296547,Iris-versicolor
60,-0.7795132998541564,-0.8191664965674679,0.08037019497147652,0.264698912972339,Iris-versicolor
61,-1.021849040741459,-2.438987252491841,-0.14709262098553283,-0.2611929671051556,Iris-versicolor
62,0.0686617932514028,-0.12495760117130865,0.2509673069392337,0.3961718829917128,Iris-versicolor
63,0.18982966369505364,-1.9761813222277338,0.1372358989607289,-0.2611929671051556,Iris-versicolor
64,0.3109975341387045,-0.3563605663033621,0.5352958268854955,0.264698912972339,Iris-versicolor
65,-0.2948418180795519,-0.3563605663033621,-0.09022691699628042,0.13322594295296547,Iris-versicolor
66,1.038004756800613,0.10644536396074473,0.3646987149177385,0.264698912972339,Iris-versicolor
67,-0.2948418180795519,-0.12495760117130865,0.42156441890699065,0.3961718829917128,Iris-versicolor
68,-0.052506077192249145,-0.8191664965674679,0.19410160294998105,-0.2611929671051556,Iris-versicolor
69,0.43216540458235647,-1.9761813222277338,0.42156441890699065,0.3961718829917128,Iris-versicolor
70,-0.2948418180795519,-1.2819724268315746,0.08037019497147652,-0.12971999708578183,Iris-versicolor
71,0.0686617932514028,0.3378483290927981,0.5921615308747477,0.790590793049834,Iris-versicolor
72,0.3109975341387045,-0.5877635314354155,0.1372358989607289,0.13322594295296547,Iris-versicolor
73,0.5533332750260073,-1.2819724268315746,0.6490272348640003,0.3961718829917128,Iris-versicolor
74,0.3109975341387045,-0.5877635314354155,0.5352958268854955,0.001752972933591693,Iris-versicolor
75,0.6745011454696592,-0.3563605663033621,0.3078330109284858,0.13322594295296547,Iris-versicolor
76,0.9168368863569609,-0.12495760117130865,0.3646987149177385,0.264698912972339,Iris-versicolor
77,1.1591726272442637,-0.5877635314354155,0.5921615308747477,0.264698912972339,Iris-versicolor
78,1.038004756800613,-0.12495760117130865,0.7058929388532524,0.6591178230304602,Iris-versicolor
79,0.18982966369505364,-0.3563605663033621,0.42156441890699065,0.3961718829917128,Iris-versicolor
80,-0.1736739476359,-1.0505694616995214,-0.14709262098553283,-0.2611929671051556,Iris-versicolor
81,-0.41600968852320275,-1.5133753919636281,0.023504490982224114,-0.12971999708578183,Iris-versicolor
82,-0.41600968852320275,-1.5133753919636281,-0.03336121300702803,-0.2611929671051556,Iris-versicolor
83,-0.052506077192249145,-0.8191664965674679,0.08037019497147652,0.001752972933591693,Iris-versicolor
84,0.18982966369505364,-0.8191664965674679,0.7627586428425046,0.5276448530110867,Iris-versicolor
85,-0.5371775589668536,-0.12495760117130865,0.42156441890699065,0.3961718829917128,Iris-versicolor
86,0.18982966369505364,0.8006542593569039,0.42156441890699065,0.5276448530110867,Iris-versicolor
87,1.038004756800613,0.10644536396074473,0.5352958268854955,0.3961718829917128,Iris-versicolor
88,0.5533332750260073,-1.7447783570956814,0.3646987149177385,0.13322594295296547,Iris-versicolor
89,-0.2948418180795519,-0.12495760117130865,0.19410160294998105,0.13322594295296547,Iris-versicolor
90,-0.41600968852320275,-1.2819724268315746,0.1372358989607289,0.13322594295296547,Iris-versicolor
91,-0.41600968852320275,-1.0505694616995214,0.3646987149177385,0.001752972933591693,Iris-versicolor
92,0.3109975341387045,-0.12495760117130865,0.4784301228962428,0.264698912972339,Iris-versicolor
93,-0.052506077192249145,-1.0505694616995214,0.1372358989607289,0.001752972933591693,Iris-versicolor
94,-1.021849040741459,-1.7447783570956814,-0.2608240289640376,-0.2611929671051556,Iris-versicolor
95,-0.2948418180795519,-0.8191664965674679,0.2509673069392337,0.13322594295296547,Iris-versicolor
96,-0.1736739476359,-0.12495760117130865,0.2509673069392337,0.001752972933591693,Iris-versicolor
97,-0.1736739476359,-0.3563605663033621,0.2509673069392337,0.13322594295296547,Iris-versicolor
98,0.43216540458235647,-0.3563605663033621,0.3078330109284858,0.13322594295296547,Iris-versicolor
99,-0.9006811702978084,-1.2819724268315746,-0.43142114093179457,-0.12971999708578183,Iris-versicolor
100,-0.1736739476359,-0.5877635314354155,0.19410160294998105,0.13322594295296547,Iris-versicolor
101,0.5533332750260073,0.5692512942248505,1.274549978745776,1.7109015831854497,Iris-virginica
102,-0.052506077192249145,-0.8191664965674679,0.7627586428425046,0.9220637630692076,Iris-virginica
103,1.5226762385752175,-0.12495760117130865,1.2176842747565237,1.185009703107955,Iris-virginica
104,0.5533332750260073,-0.3563605663033621,1.0470871627887663,0.790590793049834,Iris-virginica
105,0.7956690159133101,-0.12495760117130865,1.1608185707672711,1.3164826731273287,Iris-virginica
106,2.128515590793474,-0.12495760117130865,1.61574420268129,1.185009703107955,Iris-virginica
107,-1.14301691118511,-1.2819724268315746,0.42156441890699065,0.6591178230304602,Iris-virginica
108,1.76501197946252,-0.3563605663033621,1.4451470907135329,0.790590793049834,Iris-virginica
109,1.038004756800613,-1.2819724268315746,1.1608185707672711,0.790590793049834,Iris-virginica
110,1.6438441090188693,1.2634601896210107,1.331415682735028,1.7109015831854497,Iris-virginica
111,0.7956690159133101,0.3378483290927981,0.7627586428425046,1.0535367330885812,Iris-virginica
112,0.6745011454696592,-0.8191664965674679,0.8764900508210094,0.9220637630692076,Iris-virginica
113,1.1591726272442637,-0.12495760117130865,0.9902214587995142,1.185009703107955,Iris-virginica
114,-0.1736739476359,-1.2819724268315746,0.7058929388532524,1.0535367330885812,Iris-virginica
115,-0.052506077192249145,-0.5877635314354155,0.7627586428425046,1.5794286131660757,Iris-virginica
116,0.6745011454696592,0.3378483290927981,0.8764900508210094,1.447955643146702,Iris-virginica
117,0.7956690159133101,-0.12495760117130865,0.9902214587995142,0.790590793049834,Iris-virginica
118,2.249683461237126,1.7262661198851164,1.6726099066705427,1.3164826731273287,Iris-virginica
119,2.249683461237126,-1.0505694616995214,1.7863413146490474,1.447955643146702,Iris-virginica
120,0.18982966369505364,-1.9761813222277338,0.7058929388532524,0.3961718829917128,Iris-virginica
121,1.2803404976879156,0.3378483290927981,1.103952866778019,1.447955643146702,Iris-virginica
122,-0.2948418180795519,-0.5877635314354155,0.6490272348640003,1.0535367330885812,Iris-virginica
123,2.249683461237126,-0.5877635314354155,1.6726099066705427,1.0535367330885812,Iris-virginica
124,0.5533332750260073,-0.8191664965674679,0.6490272348640003,0.790590793049834,Iris-virginica
125,1.038004756800613,0.5692512942248505,1.103952866778019,1.185009703107955,Iris-virginica
126,1.6438441090188693,0.3378483290927981,1.274549978745776,0.790590793049834,Iris-virginica
127,0.43216540458235647,-0.5877635314354155,0.5921615308747477,0.790590793049834,Iris-virginica
128,0.3109975341387045,-0.12495760117130865,0.6490272348640003,0.790590793049834,Iris-virginica
129,0.6745011454696592,-0.5877635314354155,1.0470871627887663,1.185009703107955,Iris-virginica
130,1.6438441090188693,-0.12495760117130865,1.1608185707672711,0.5276448530110867,Iris-virginica
131,1.8861798499061722,-0.5877635314354155,1.331415682735028,0.9220637630692076,Iris-virginica
132,2.4920192021244287,1.7262661198851164,1.5020127947027857,1.0535367330885812,Iris-virginica
133,0.6745011454696592,-0.5877635314354155,1.0470871627887663,1.3164826731273287,Iris-virginica
134,0.5533332750260073,-0.5877635314354155,0.7627586428425046,0.3961718829917128,Iris-virginica
135,0.3109975341387045,-1.0505694616995214,1.0470871627887663,0.264698912972339,Iris-virginica
136,2.249683461237126,-0.12495760117130865,1.331415682735028,1.447955643146702,Iris-virginica
137,0.5533332750260073,0.8006542593569039,1.0470871627887663,1.5794286131660757,Iris-virginica
138,0.6745011454696592,0.10644536396074473,0.9902214587995142,0.790590793049834,Iris-virginica
139,0.18982966369505364,-0.12495760117130865,0.5921615308747477,0.790590793049834,Iris-virginica
140,1.2803404976879156,0.10644536396074473,0.933355754810262,1.185009703107955,Iris-virginica
141,1.038004756800613,0.10644536396074473,1.0470871627887663,1.5794286131660757,Iris-virginica
142,1.2803404976879156,0.10644536396074473,0.7627586428425046,1.447955643146702,Iris-virginica
143,-0.052506077192249145,-0.8191664965674679,0.7627586428425046,0.9220637630692076,Iris-virginica
144,1.1591726272442637,0.3378483290927981,1.2176842747565237,1.447955643146702,Iris-virginica
145,1.038004756800613,0.5692512942248505,1.103952866778019,1.7109015831854497,Iris-virginica
146,1.038004756800613,-0.12495760117130865,0.8196243468317572,1.447955643146702,Iris-virginica
147,0.5533332750260073,-1.2819724268315746,0.7058929388532524,0.9220637630692076,Iris-virginica
148,0.7956690159133101,-0.12495760117130865,0.8196243468317572,1.0535367330885812,Iris-virginica
149,0.43216540458235647,0.8006542593569039,0.933355754810262,1.447955643146702,Iris-virginica
150,0.0686617932514028,-0.12495760117130865,0.7627586428425046,0.790590793049834,Iris-virginica
